{"train_loss": [247302.27853125, 17520.061294921874, 11125.572029296874, 9913.961435546875, 8684.177646484375, 6707.394826171875, 4958.1371181640625, 3641.4550004882813, 2524.9814404296876, 1990.4685227050782, 1774.425640625, 1815.5149431152345, 1711.3541875, 1521.53693359375, 1681.6146591796876, 1534.716752685547, 1560.4293873291015, 1392.9211206054688, 1470.63057421875, 1445.8687541503907, 1499.4755728759765, 1514.2346251220704, 1285.8370928955078, 1275.7326257324219, 1187.1763132324218, 1116.5157227783204, 1292.5487399902345, 1290.9036098632812, 1191.2780447387695, 1106.6914486694336, 1284.5992642822266, 1290.8615935668945, 1231.927267211914, 1184.1836852416993, 1243.2344582519531, 1139.6911439208984, 1106.605242919922, 1229.8394180908203, 1147.420529663086, 1213.5559516601563, 1234.763901977539, 1206.8075005493165, 1073.521493774414, 1161.7113609619141, 1349.5378616333007, 1177.558455444336, 1035.1373347167969, 1216.1412990722656, 1085.7057795410155, 1112.7387412109374], "val_loss": [27840.09559375, 11839.3234453125, 10108.3881640625, 9392.9762109375, 7922.4273828125, 5780.56376953125, 4316.4131953125, 2767.806775390625, 1914.738724609375, 1537.9963056640624, 1414.5130888671874, 2976.674693359375, 1315.821244140625, 1421.4286728515624, 1253.4822412109374, 1422.754099609375, 1849.446146484375, 2051.491923828125, 1115.302041015625, 1781.075361328125, 1254.1649482421874, 3268.451421875, 973.3160537109375, 1024.6683662109374, 1116.0950859375, 1013.6074467773437, 1710.276849609375, 1509.033521484375, 1457.7212607421875, 892.0360986328125, 1338.5015263671876, 1608.777818359375, 2372.640201171875, 1653.2527392578124, 1501.617275390625, 1212.9770791015626, 1268.0044731445312, 874.8241450195312, 2228.145306640625, 919.1057817382813, 1250.2923447265625, 892.682953125, 1095.9669985351563, 1103.8531171875, 1283.5643349609375, 1104.901130859375, 1878.0260322265624, 974.3298388671875, 1038.1635771484375, 825.5248540039063]}