{"train_loss": [247358.142484375, 18924.478177734374, 11121.859779296876, 9729.89253515625, 8190.7430078125, 6645.49391796875, 4717.539231445313, 2994.8574462890624, 2296.289250732422, 1969.8440270996093, 1870.8247602539063, 1818.47921875, 1794.7236103515625, 1584.4451630859376, 1780.8948322753906, 1799.8197709960937, 1649.3733371582032, 1711.9265498046875, 1805.1057956542968, 1686.1097475585937, 1644.216403076172, 1642.5769260253905, 1968.288334716797, 1588.0711447753906, 1682.8574046630858, 1647.7853959960937, 1662.2726059570311, 1570.0934145507813, 1619.188898071289, 1532.6628697509766, 1530.6670400390626, 1616.7891000976563, 1619.0920146484375, 1555.4620615234376, 1640.324123046875, 1625.306559326172, 1713.3039084472657, 1524.5120606689454, 1562.5395888671876, 1560.5259248046875, 1370.3286220703126, 1294.9153662109375, 1311.4926559448243, 1244.966247680664, 1278.2182236328124, 1311.2362321166993, 1120.8135915527344, 1325.6887424316405, 1097.8518329467774, 1189.3313236694337], "val_loss": [35011.29259375, 12505.4685078125, 10366.869140625, 8904.2315, 9856.495484375, 5060.86619921875, 3630.902541015625, 2099.547341796875, 2650.052099609375, 4044.768955078125, 1480.3065986328124, 1645.8724912109376, 1652.698474609375, 1706.1345859375, 1447.930603515625, 1459.0423984375, 2195.352255859375, 1956.627994140625, 1388.1541318359375, 1377.8067236328125, 1339.272478515625, 1304.95962890625, 1931.704681640625, 1320.2806806640624, 1358.65750390625, 1847.7727802734375, 1291.5375795898437, 1282.9639194335937, 1858.5923154296875, 1453.0402421875, 1891.69692578125, 1976.9956640625, 1180.9282919921875, 3074.4630703125, 1205.1149272460937, 2111.3628251953123, 1702.9309990234376, 1602.659333984375, 1118.593537109375, 1159.00293359375, 1106.4612841796875, 1439.4888388671875, 1071.8842568359375, 1052.6792895507813, 903.637505859375, 938.3610405273438, 889.2180625, 1221.0178017578125, 881.31831640625, 989.4679423828125]}