{"train_loss": [42200.796302083334, 30176.272493489585, 21812.754446614585, 13674.073033854167, 7418.42970703125, 5917.365528971354, 4908.705013834636, 4053.7184220377603, 3263.6420434570314, 3184.493259277344, 3098.120344238281, 2488.2352888997398, 2345.4884716796873, 2169.669675292969, 1776.0976802571615, 1725.1006807454428, 1508.1886206054687, 1591.1199666341147, 1275.7225423177083, 1258.719931640625, 1259.4006540934245, 1256.9556842041015, 1421.1129330444337, 1316.4514158121744, 1182.9586541748047, 997.8476206461588, 1124.4207358805338, 1028.763680419922, 1565.649359741211, 1105.9106209309896, 983.9144114176432, 926.022724609375, 907.7221752929687, 1228.517999267578, 1207.772597249349, 1037.392805887858, 1234.5319116210937, 953.3588513183594, 1040.2650876871744, 973.1729884847006, 1290.826005452474, 881.3709576416015, 916.9888802083333, 902.326683959961, 964.0673248291016, 1013.0752852376302, 838.5862172444662, 774.8600162760416, 956.0352109781901, 1027.7439628092447, 798.473953145345, 809.1849054972331, 906.5403445434571, 822.1805086263021, 845.3756636555989, 663.2327424112956, 767.549643351237, 873.5087071736654, 711.4334526570638, 717.2058204142253, 906.5690148925781, 1238.043676554362, 721.1019058227539, 643.921066385905, 750.214530436198, 808.8336639404297, 718.348676961263, 737.6824520874023, 615.1671677652995, 685.3368002319336, 575.5545102945963, 764.9422260538737, 636.7288965861003, 596.817473449707, 760.019211324056, 757.7479966227213, 658.6982922363281, 913.3418180338541, 506.1475549316406, 651.9439188639323, 509.3818938191732, 533.8093739827474, 586.1931722005208, 455.4349131266276, 547.0308427937825, 509.41956715901694, 541.1055711873372, 548.4464236450195, 493.6777018229167, 521.2435093180338, 654.8346587626139, 507.618334757487, 499.5324917602539, 566.0232082112631, 451.0211605326335, 1198.2193402608236, 540.0634301757813, 368.44379338582354, 454.86152893066406, 459.7493938700358], "val_loss": [34536.9025, 25889.065052083333, 17588.131640625, 9207.259140625, 7019.235651041667, 7127.997395833333, 6815.100885416667, 3619.242734375, 3949.3785872395833, 4297.492073567709, 4016.19037109375, 4294.0566796875, 2213.7609114583333, 1844.665167643229, 1588.4363427734374, 2134.9671451822915, 1462.866826171875, 1111.1756591796875, 1172.8421549479167, 1137.6509334309897, 1172.923671875, 2136.699375, 1021.8609724934896, 1208.2492993164062, 1146.9133658854166, 1149.886220703125, 1134.5823128255208, 1221.8555704752605, 1077.9211108398438, 1268.7350032552083, 911.8415983072916, 717.51828125, 1027.8621842447917, 1490.1771044921875, 930.6178645833334, 1064.023321126302, 1247.670538736979, 918.9311368815104, 872.0328483072917, 747.35501953125, 1699.7226595052084, 876.7237060546875, 1186.245146484375, 1005.9650463867188, 895.0464029947917, 844.1350244140625, 1159.773816731771, 756.867119140625, 1224.0865983072918, 882.0652897135417, 852.6195133463542, 784.2192439778646, 661.5075248209636, 1227.2140779622396, 714.1219897460937, 550.178027750651, 854.457607421875, 604.4563053385417, 548.299169514974, 811.6101733398438, 730.2222143554687, 581.3405428059896, 893.1918440755209, 740.1376033528646, 857.3882307942708, 690.4966650390625, 741.8465808105469, 707.031855061849, 644.1686808268229, 449.04850443522133, 560.5280997721354, 1655.9345556640626, 667.0167423502604, 570.5372106933594, 626.2453141276042, 950.6794466145833, 442.8849843343099, 455.2954402669271, 494.26856282552086, 426.50387288411457, 687.6917423502604, 597.574315999349, 396.16435465494794, 439.5765124511719, 477.02947285970055, 353.32307881673177, 481.379364827474, 622.9567427571615, 490.05810587565105, 583.4106730143229, 643.1958951822917, 459.9160762532552, 459.01966552734376, 483.48989542643227, 461.57708984375, 539.0034920247396, 332.87519571940106, 647.4387622070312, 268.0627156575521, 263.09360066731773]}