{"train_loss": [42200.9102734375, 30174.078951822918, 21676.411569010415, 12751.87564453125, 6772.5855289713545, 5461.33271891276, 4805.153938802084, 4037.488620605469, 3157.180262044271, 3115.0844372558595, 3310.912861735026, 2818.730780843099, 2584.5577966308592, 2399.40278889974, 2243.3494974772134, 2127.7373592122394, 2098.1206604003905, 2350.3597599283853, 1812.3632246907553, 1994.4607897949218, 1550.6424904378255, 1379.727592976888, 1629.0486997477215, 1348.4279962158203, 1226.0100618489582, 1048.636292114258, 1115.3309177652995, 1101.3973964436848, 1405.8382454427083, 1276.7584458414713, 1004.8953430175782, 960.105236714681, 921.7951989746093, 1139.5951377360027, 1079.0678853352865, 1203.3746947224936, 1279.1157879638672, 1002.5707337443034, 997.6337053426107, 1021.1123828125, 1102.5458115641277, 875.6774373372396, 932.2819104003906, 869.4212524414063, 1007.9439774576823, 1054.880721028646, 804.3335737101237, 768.8325157674153, 1456.2475750732422, 877.5185917154948, 814.2699015299479, 797.6781126912435, 756.0969430541992, 813.135266418457, 941.8984424336751, 919.3611989339192, 799.4252794392904, 788.0217643229166, 763.6259201049804, 766.6459563191731, 847.9954993693034, 993.2415142822266, 816.5725992838542, 659.2027582804362, 742.4757005818685, 745.111982421875, 825.9096775309245, 880.0043293253581, 658.0046054077148, 767.2216963704427, 627.5188410949708, 1151.4986294555665, 581.5791321818034, 542.9056158447265, 697.3157384236654, 691.2876226298014, 589.9391898600261, 831.1789865112305, 514.5606791178385, 606.5634791056315, 579.3732355753581, 581.6236213175456, 500.5781971740723, 533.1563448079427, 608.7784826660156, 575.3024439493815, 550.537024637858, 511.95203572591146, 491.1544178263346, 463.7359622701009, 689.4020751953125, 444.7343176269531, 482.75897135416665, 484.38486872355145, 489.81712951660154, 579.9834065755208, 418.5563338216146, 481.9321454366048, 852.2495936075846, 346.4262322489421], "val_loss": [34536.14953125, 25860.022447916668, 16798.433307291667, 8618.817513020833, 6269.9778515625, 4786.16671875, 6943.201549479167, 3572.421083984375, 3253.3200390625, 4826.433795572917, 4726.139921875, 3448.55123046875, 2389.8819108072917, 2368.3965690104164, 2211.7598860677085, 3164.2805078125, 2243.281573893229, 1924.703115234375, 1748.4661116536458, 2126.6914908854164, 1494.0510888671874, 1677.7644580078124, 1405.361904296875, 1539.9069010416667, 1154.791632486979, 1211.360497233073, 1282.5350227864583, 1096.5391153971354, 958.2960188802083, 1393.0806119791666, 851.9909700520833, 756.0305110677083, 1133.3455289713543, 1283.8217936197916, 802.5142651367188, 1053.0291666666667, 1173.8058463541668, 1376.9186295572918, 850.7444486490886, 792.4240653483073, 1367.139070638021, 827.8257893880208, 1091.3864567057292, 801.9277852376302, 1373.5621907552083, 847.1851326497396, 924.6461238606771, 739.3820043945312, 935.5896069335937, 792.6855920410156, 1090.313076171875, 701.9101635742187, 684.2597998046875, 1384.77560546875, 1431.275525716146, 651.681035563151, 679.6643383789062, 580.2432722981771, 549.6223815917969, 902.6257063802084, 787.0453979492188, 851.0885628255209, 950.780205891927, 696.4945267740885, 797.0780843098959, 782.7512817382812, 819.9155940755209, 611.4513395182291, 640.7488645426432, 684.8751708984375, 683.2813712565104, 1634.6847574869792, 576.3038732910156, 511.12366739908856, 665.2272029622396, 1233.0723974609375, 474.6000915527344, 463.39952107747393, 575.790205891927, 492.945830078125, 704.2940193684896, 424.76275756835935, 503.3072220865885, 445.6047294108073, 412.8649536132813, 372.81078450520835, 396.59502888997395, 647.0077775065104, 736.1265909830729, 488.9475264485677, 583.5793709309896, 372.4927217610677, 547.4119079589843, 546.2573653157552, 503.87453572591147, 345.92708048502607, 454.39509928385417, 379.1963199869792, 615.4080590820313, 227.66996154785156]}